{
  "0.0000": {
    "threshold": 0.0,
    "total_samples": 39930,
    "num_confident": 39930,
    "num_unsure": 0,
    "num_correct": 36787,
    "confident_accuracy": 92.12872526922114,
    "overall_accuracy": 92.12872526922114,
    "coverage": 100.0,
    "unsure_rate": 0.0
  },
  "0.1000": {
    "threshold": 0.1,
    "total_samples": 39930,
    "num_confident": 39551,
    "num_unsure": 379,
    "num_correct": 36706,
    "confident_accuracy": 92.80675583423934,
    "overall_accuracy": 91.9258702729777,
    "coverage": 99.05083896819434,
    "unsure_rate": 0.9491610318056587
  },
  "0.2000": {
    "threshold": 0.2,
    "total_samples": 39930,
    "num_confident": 38994,
    "num_unsure": 936,
    "num_correct": 36534,
    "confident_accuracy": 93.69133712878904,
    "overall_accuracy": 91.49511645379414,
    "coverage": 97.65589782118708,
    "unsure_rate": 2.3441021788129177
  },
  "0.3000": {
    "threshold": 0.3,
    "total_samples": 39930,
    "num_confident": 38432,
    "num_unsure": 1498,
    "num_correct": 36296,
    "confident_accuracy": 94.44213155703581,
    "overall_accuracy": 90.89907337841223,
    "coverage": 96.24843476083146,
    "unsure_rate": 3.751565239168542
  },
  "0.4000": {
    "threshold": 0.4,
    "total_samples": 39930,
    "num_confident": 37634,
    "num_unsure": 2296,
    "num_correct": 35905,
    "confident_accuracy": 95.40575011957273,
    "overall_accuracy": 89.9198597545705,
    "coverage": 94.24993739043326,
    "unsure_rate": 5.75006260956674
  },
  "0.5000": {
    "threshold": 0.5,
    "total_samples": 39930,
    "num_confident": 36820,
    "num_unsure": 3110,
    "num_correct": 35456,
    "confident_accuracy": 96.29549158066268,
    "overall_accuracy": 88.7953919358878,
    "coverage": 92.21136989732031,
    "unsure_rate": 7.78863010267969
  },
  "0.6000": {
    "threshold": 0.6,
    "total_samples": 39930,
    "num_confident": 35889,
    "num_unsure": 4041,
    "num_correct": 34840,
    "confident_accuracy": 97.07709883251135,
    "overall_accuracy": 87.2526922113699,
    "coverage": 89.87978963185574,
    "unsure_rate": 10.120210368144257
  },
  "0.7000": {
    "threshold": 0.7,
    "total_samples": 39930,
    "num_confident": 34203,
    "num_unsure": 5727,
    "num_correct": 33529,
    "confident_accuracy": 98.02941262462357,
    "overall_accuracy": 83.96944653143001,
    "coverage": 85.65740045078888,
    "unsure_rate": 14.342599549211116
  },
  "0.8000": {
    "threshold": 0.8,
    "total_samples": 39930,
    "num_confident": 12404,
    "num_unsure": 27526,
    "num_correct": 12249,
    "confident_accuracy": 98.75040309577555,
    "overall_accuracy": 30.67618332081142,
    "coverage": 31.064362634610568,
    "unsure_rate": 68.93563736538943
  },
  "0.9000": {
    "threshold": 0.9,
    "total_samples": 39930,
    "num_confident": 15,
    "num_unsure": 39915,
    "num_correct": 15,
    "confident_accuracy": 100.0,
    "overall_accuracy": 0.037565740045078885,
    "coverage": 0.037565740045078885,
    "unsure_rate": 99.96243425995492
  },
  "0.9500": {
    "threshold": 0.95,
    "total_samples": 39930,
    "num_confident": 0,
    "num_unsure": 39930,
    "num_correct": 0,
    "confident_accuracy": 0.0,
    "overall_accuracy": 0.0,
    "coverage": 0.0,
    "unsure_rate": 100.0
  },
  "0.9900": {
    "threshold": 0.99,
    "total_samples": 39930,
    "num_confident": 0,
    "num_unsure": 39930,
    "num_correct": 0,
    "confident_accuracy": 0.0,
    "overall_accuracy": 0.0,
    "coverage": 0.0,
    "unsure_rate": 100.0
  }
}